{
    "src/addons/CMTV/UsernameChange/addon.json": "e78d55ce59a6828510a4f1f134087d00cf6d176171d6e449de02ecbfb6a0c8a6",
    "src/addons/CMTV/UsernameChange/Entity/UsernameChange.php": "5b19c5938caca9f4a96e70fc5193da31eda544e21345a3ffba5bcd6620023ff6",
    "src/addons/CMTV/UsernameChange/icon512.png": "128ea5de6e86cebcf5164e49444f6cefd01ba31ddefdb384ecdd41eedb23c3b8",
    "src/addons/CMTV/UsernameChange/Job/UsernameChangesCount.php": "a0bdedc47142a9f9462a2a151b73b86723e2dd1ef76e7f11fffd38dd8c0cda3f",
    "src/addons/CMTV/UsernameChange/Listener.php": "45bb53bd74fbd2d8909fe4113f0346a7027898d6aeba92f8456ca06940ed80ae",
    "src/addons/CMTV/UsernameChange/NewsFeed/UsernameChange.php": "51e09630e4381688cf27727e9cc501a5f035e159f33d2c719430fc6eeb92e4cf",
    "src/addons/CMTV/UsernameChange/Pub/Controller/UsernameChanges.php": "9c8c5ebce3fb6380cd1408ec7d6f7b59a0258e4dcc8b543f0bac3eeb98af2f30",
    "src/addons/CMTV/UsernameChange/Repository/UsernameChange.php": "b9819ba31103bc483082b329ae90351bea7f298afa5895640a912caf7e126914",
    "src/addons/CMTV/UsernameChange/Setup.php": "b9d15684dbfe11630537a78043ae92fd190e5cc57adcd27c9642999a1cd365e4",
    "src/addons/CMTV/UsernameChange/Widget/UsernameChanges.php": "b1f5904f2189b4c444df6748bd1d3ef73adac627a1623b97d27951553b6f02fb",
    "src/addons/CMTV/UsernameChange/XF/Admin/Controller/Permission.php": "e21f60feb5f28274629eebc45c2e5e060d4fec6d5bb72ef277170b174153e6c1",
    "src/addons/CMTV/UsernameChange/XF/ChangeLog/User.php": "80ec79664da41fa2f2bb6ccba381947c2f391b7f9802e68e0f0536f7001bc1c9",
    "src/addons/CMTV/UsernameChange/XF/Entity/User.php": "7d7d2ae1162c03537bd1f9ab24d6f7ae77e9ed2f3d3473988945129e42a30be3",
    "src/addons/CMTV/UsernameChange/XF/Entity/UserPrivacy.php": "45f9f9c1b1feb3a4e65c5b3dba810134874492738e2d6f4042044cbad0cb6f59",
    "src/addons/CMTV/UsernameChange/XF/Pub/Controller/Account.php": "b8253795625eb16152bd91d1016e468a6e6f0f73e9aad0021b8327dca63611b8",
    "src/addons/CMTV/UsernameChange/_data/admin_navigation.xml": "064ec797484ac00d5ee37367b50b06846d11f480d00550997712707f8fdac8c0",
    "src/addons/CMTV/UsernameChange/_data/admin_permission.xml": "ec6fb97cebf0bceb24f1ed1d5778c1db54eeb7535fbb3e31d824840e7aa9ff87",
    "src/addons/CMTV/UsernameChange/_data/advertising_positions.xml": "d2f7cbe844bb1df3cf878d22ff6306249245c8ff6b0b87b9b729744bec538261",
    "src/addons/CMTV/UsernameChange/_data/bb_codes.xml": "faa4ddd5f4a365e5ac39aebdcbe2d25aedf74e7eb9ea4a812766e2fd5e13bdb1",
    "src/addons/CMTV/UsernameChange/_data/bb_code_media_sites.xml": "29762987990187b33e43cfb68c08dc917b2d3f0176613d78f8e6c453f82da3f3",
    "src/addons/CMTV/UsernameChange/_data/class_extensions.xml": "abb33213aeca39edf02c1f5b5ffea4412ef323d74147ff1bdde7e4767b83a00e",
    "src/addons/CMTV/UsernameChange/_data/code_events.xml": "8370dec3df47f91df4cf79da253446ad11b29f4ea568fe76c774e97a0379f0eb",
    "src/addons/CMTV/UsernameChange/_data/code_event_listeners.xml": "1cc8007c93db7037a556b541b175108ce44cf04286839c43a57516f86aa6a17f",
    "src/addons/CMTV/UsernameChange/_data/content_type_fields.xml": "765e13478c700a91b7c12ec40d8ac4db43387c8787ea5d210f2b423c5e2fec22",
    "src/addons/CMTV/UsernameChange/_data/cron.xml": "323c4284742ef24329cd6db6f288eb9736d2353f36852e1db12591e1583aea26",
    "src/addons/CMTV/UsernameChange/_data/help_pages.xml": "a8a0c0b06cdc550438bc8a8d385af3e1e5ab3459877dfb934c1c31be59c89163",
    "src/addons/CMTV/UsernameChange/_data/member_stats.xml": "89fb2b93ff1eca7a1f6f752248edf6090dfd24037db1446fd18ff7143f08124d",
    "src/addons/CMTV/UsernameChange/_data/navigation.xml": "f75e1c03a45a360bbdfcd0567121665082315068475d5b0feb8b1acbb1688651",
    "src/addons/CMTV/UsernameChange/_data/options.xml": "ed6dd88b55b352051be60a7672c83972bdb2eab6df1fa2635094caed1ec17f58",
    "src/addons/CMTV/UsernameChange/_data/option_groups.xml": "154d7a89664b243d0bd8227c22e241f934bf7e196c83230ee23d3c0c4fba1333",
    "src/addons/CMTV/UsernameChange/_data/permissions.xml": "5df5b1ef6ee352dc2cac056f85bbfc41995e36644dc57d3a98ea2da48cdc4206",
    "src/addons/CMTV/UsernameChange/_data/permission_interface_groups.xml": "b29e10db53cfc6cb76a172f17ac531cf6ba5d9a0fce856a20fa3207805708a36",
    "src/addons/CMTV/UsernameChange/_data/phrases.xml": "636c19149d9781b58402900ef3a8ac8ad2c9f85cbf10c07e383ee82dd4a1d77d",
    "src/addons/CMTV/UsernameChange/_data/routes.xml": "2e965afd27eb032a03cce1590fc4ca604a2fb31ba365d26eef9743905bad63af",
    "src/addons/CMTV/UsernameChange/_data/style_properties.xml": "8b8690a8512f01f219dd2da76e3d0c5f62afc1f317b87794a7331c859c36a7a8",
    "src/addons/CMTV/UsernameChange/_data/style_property_groups.xml": "68e1879cb3846c42d978487aa8d5145ff3335fc39e58016878824d5cf3fd684c",
    "src/addons/CMTV/UsernameChange/_data/templates.xml": "5b12d509ea489370dc85fb2cf62127dad938798a1dcade0e7b6c3f2742599c1c",
    "src/addons/CMTV/UsernameChange/_data/template_modifications.xml": "ecbf7a8cf7afa958cd0ed2eb975f04adb7ae6df65702e4f2b976d65f2dc1f6a7",
    "src/addons/CMTV/UsernameChange/_data/widget_definitions.xml": "ede284fd05fd02b5faac6e7ae46057118538d27e6675da15a1a6be12de1657e6",
    "src/addons/CMTV/UsernameChange/_data/widget_positions.xml": "a29cee66134f6bc5d75ed9df1eef21096c24401915c5b5c774389c3d7bb2d5b3"
}