<?xml version="1.0" encoding="utf-8"?>
<template_modifications>
  <modification type="public" template="account_details" modification_key="CMTV_UC_account_details" description="Adding &quot;Username&quot; text field" execution_order="10" enabled="1" action="str_replace">
    <find><![CDATA[<xf:formrow rowtype="button"
				label="{{ phrase('email') }}">

				<xf:if is="$xf.visitor.email">
					{$xf.visitor.email}
				<xf:else />
					<i>{{ phrase('none') }}</i>
				</xf:if>
				<xf:button href="{{ link('account/email') }}" class="button--link" overlay="true">{{ phrase('change') }}</xf:button>
			</xf:formrow>]]></find>
    <replace><![CDATA[<xf:include template="CMTV_UC_account_details" />

$0]]></replace>
  </modification>
  <modification type="public" template="account_privacy" modification_key="CMTV_UC_account_privacy" description="Username changes visibility privacy option" execution_order="10" enabled="1" action="str_replace">
    <find><![CDATA[<xf:macro name="privacy_option"
					arg-user="{$xf.visitor}"
					arg-name="allow_view_identities"
					arg-label="{{ phrase('view_your_identities:') }}" />]]></find>
    <replace><![CDATA[$0

<xf:if is="$xf.visitor.canManageUsernameChangeHistoryPrivacy()">
	<xf:macro name="privacy_option"
			  arg-user="{$xf.visitor}"
			  arg-name="cmtv_uc_allow_view_username_changes" 
			  arg-label="{{ phrase('CMTV_UC_view_your_username_changes:') }}" />
</xf:if>]]></replace>
  </modification>
  <modification type="admin" template="helper_criteria" modification_key="CMTV_UC_helper_criteria" description="Adding addon criteria" execution_order="10" enabled="1" action="str_replace">
    <find><![CDATA[<xf:optgroup label="{{ phrase('avatar:') }}">]]></find>
    <replace><![CDATA[<xf:optgroup label="{{ phrase('CMTV_UC_username_changes:') }}">
	<xf:option name="user_criteria[CMTV_UC_change_count][rule]" 
			   value="CMTV_UC_change_count" 
			   selected="{$criteria.CMTV_UC_change_count}"
			   label="{{ phrase('CMTV_UC_user_has_changed_username_at_least_x_times:') }}">

		<xf:numberbox name="user_criteria[CMTV_UC_change_count][data][changes]" 
					  value="{$criteria.CMTV_UC_change_count.changes}"
					  size="5" min="0" step="1" />
	</xf:option>

	<xf:option name="user_criteria[CMTV_UC_changes_maximum][rule]"
			   value="CMTV_UC_changes_maximum"
			   selected="{$criteria.CMTV_UC_changes_maximum}"
			   label="{{ phrase('CMTV_UC_user_has_changed_username_no_more_than_x_times:') }}">

		<xf:numberbox name="user_criteria[CMTV_UC_changes_maximum][data][changes]"
					  value="{$criteria.CMTV_UC_changes_maximum.changes}"
					  size="5" min="0" step="1" />
	</xf:option>
</xf:optgroup>

$0]]></replace>
  </modification>
  <modification type="public" template="helper_js_global" modification_key="CMTV_UC_helper_js_global_style" description="Including addon style" execution_order="10" enabled="1" action="str_replace">
    <find><![CDATA[<!--XF:CSS-->]]></find>
    <replace><![CDATA[<xf:css src="CMTV_UC.less" />

$0]]></replace>
  </modification>
  <modification type="public" template="member_tooltip" modification_key="CMTV_UC_member_tooltip_username_changes" description="Username changes menu" execution_order="10" enabled="1" action="str_replace">
    <find><![CDATA[<xf:if contentcheck="true">
					<div class="memberTooltip-headerAction">
						<xf:button class="button--link button--small menuTrigger"
							data-xf-click="menu"
							aria-label="{{ phrase('more_options') }}"
							aria-expanded="false"
							aria-haspopup="true">
							<xf:fa icon="fa-cog" />
						</xf:button>

						<div class="menu" data-menu="menu" aria-hidden="true">
							<div class="menu-content">
								<h3 class="menu-header">{{ phrase('moderator_tools') }}</h3>
								<xf:contentcheck>
									<xf:macro template="member_macros" name="moderator_menu_actions"
										arg-user="{$user}"
										arg-context="tooltip" />
								</xf:contentcheck>
							</div>
						</div>
					</div>
				</xf:if>]]></find>
    <replace><![CDATA[<div class="memberTooltip-headerAction">
	<xf:macro name="mini" template="CMTV_UC_username_changes_macros"
			  arg-user="{$user}" />
	
	<xf:if contentcheck="true">
		<xf:button class="button--link button--small menuTrigger"
				   data-xf-click="menu"
				   aria-label="{{ phrase('more_options') }}"
				   aria-expanded="false"
				   aria-haspopup="true">
			<xf:fa icon="fa-cog" />
		</xf:button>
		
		<div class="menu" data-menu="menu" aria-hidden="true">
			<div class="menu-content">
				<h3 class="menu-header">{{ phrase('moderator_tools') }}</h3>
				<xf:contentcheck>
					<xf:macro template="member_macros" name="moderator_menu_actions"
							  arg-user="{$user}"
							  arg-context="tooltip" />
				</xf:contentcheck>
			</div>
		</div>
	</xf:if>
</div>]]></replace>
  </modification>
  <modification type="public" template="member_view" modification_key="CMTV_UC_member_view_username_changes" description="Username changes menu" execution_order="10" enabled="1" action="str_replace">
    <find><![CDATA[<xf:if contentcheck="true">
							<div class="memberHeader-actionTop">
								<div class="buttonGroup">
								<xf:contentcheck>
									<xf:if is="$user.canBeReported()">
										<xf:button href="{{ link('members/report', $user) }}"
											class="button--link" overlay="true">
											{{ phrase('report_verb') }}
										</xf:button>
									</xf:if>
									<xf:if contentcheck="true">
										<div class="buttonGroup-buttonWrapper">
											<xf:button class="button--link menuTrigger" data-xf-click="menu" aria-expanded="false" aria-haspopup="true">{{ phrase('moderator_tools') }}</xf:button>
											<div class="menu" data-menu="menu" aria-hidden="true">
												<div class="menu-content">
													<h3 class="menu-header">{{ phrase('moderator_tools') }}</h3>
													<xf:contentcheck>
														<xf:macro template="member_macros" name="moderator_menu_actions"
															arg-user="{$user}"
															arg-context="profile" />
													</xf:contentcheck>
												</div>
											</div>
										</div>
									</xf:if>
								</xf:contentcheck>
								</div>
							</div>
						</xf:if>]]></find>
    <replace><![CDATA[<div class="memberHeader-actionTop">
	<xf:macro name="full" template="CMTV_UC_username_changes_macros"
			  arg-user="{$user}" />
   
    <xf:if contentcheck="true">
        <div class="buttonGroup">
            <xf:contentcheck>
                <xf:if is="$user.canBeReported()">
                    <xf:button href="{{ link('members/report', $user) }}"
                               class="button--link" overlay="true">
                        {{ phrase('report_verb') }}
                    </xf:button>
                </xf:if>
                <xf:if contentcheck="true">
                    <div class="buttonGroup-buttonWrapper">
                        <xf:button class="button--link menuTrigger" data-xf-click="menu" aria-expanded="false" aria-haspopup="true">{{ phrase('moderator_tools') }}</xf:button>
                        <div class="menu" data-menu="menu" aria-hidden="true">
                            <div class="menu-content">
                                <h3 class="menu-header">{{ phrase('moderator_tools') }}</h3>
                                <xf:contentcheck>
                                    <xf:macro template="member_macros" name="moderator_menu_actions"
                                              arg-user="{$user}"
                                              arg-context="profile" />
                                </xf:contentcheck>
                            </div>
                        </div>
                    </div>
                </xf:if>
            </xf:contentcheck>
        </div>
    </xf:if>   
</div>]]></replace>
  </modification>
  <modification type="admin" template="tools_rebuild" modification_key="CMTV_UC_tools_rebuild" description="Adding &quot;Rebuild username changes&quot; job" execution_order="10" enabled="1" action="str_replace">
    <find><![CDATA[<!--[XF:after_users]-->]]></find>
    <replace><![CDATA[$0

<xf:macro name="rebuild_job"
		  arg-header="{{ phrase('CMTV_UC_rebuild_username_changes') }}"
		  arg-job="CMTV\UsernameChange:UsernameChange" />
<!--[CMTV_UC:after_username_changes]-->]]></replace>
  </modification>
</template_modifications>
