{
    "src/addons/CMTV/UsernameChange/addon.json": "609a203956b376be47a67accdc5e3aa4ce1d1cd93c5c9d6016b46e46328b30d6",
    "src/addons/CMTV/UsernameChange/Constants.php": "d1bd35669e9d2395c59e1134fd91e551a5904c8429db1e0e9b1b550e5d41a76d",
    "src/addons/CMTV/UsernameChange/Entity/UsernameChange.php": "70f7da5e8c631dba0503b85d3c8345ca44b5da4ad441119214bb850dce4ba792",
    "src/addons/CMTV/UsernameChange/EventsListener.php": "a6ff3dfef191029148278e022bab8b3acfcfe7c89670c463ed8e8face108716d",
    "src/addons/CMTV/UsernameChange/icon512.png": "128ea5de6e86cebcf5164e49444f6cefd01ba31ddefdb384ecdd41eedb23c3b8",
    "src/addons/CMTV/UsernameChange/Job/UsernameChange.php": "67197964baf1b237b37276c30c5ae800e4e64a69a82085f974959bfe375acc00",
    "src/addons/CMTV/UsernameChange/LICENSE": "c3bc1fd94148c28485e8bab1d5a28edbc8e3870f2bd9be7127c68c8b7a0ea5df",
    "src/addons/CMTV/UsernameChange/NewsFeed/UsernameChange.php": "ec7b927a62cf7003951c4065018c0eb21676cc7d5f2744d2d14b056901e8c30a",
    "src/addons/CMTV/UsernameChange/README.md": "ee2a471cb61adf19c738776ced342892a938b8c99f1f9d3dc6bec742f9829ad1",
    "src/addons/CMTV/UsernameChange/Repository/UsernameChange.php": "be21356ee7702eecafbfdd8232f8efaa78f83b0b1fc2dc6870aa24e6bbd3c09c",
    "src/addons/CMTV/UsernameChange/Setup.php": "ba17d1465cc19dc0a3b45b56170884c81b0fbde283f1a1244a99a195f3007956",
    "src/addons/CMTV/UsernameChange/Widget/UsernameChanges.php": "63a0d513a36123496027e0d034db533c0abce412b7ac851a64f8f7b7ec04f248",
    "src/addons/CMTV/UsernameChange/XF/Admin/Controller/Permission.php": "7a590c0502556998b5ff9e36e68b3a08d6b04ef21b0c069d3bf143414fc04689",
    "src/addons/CMTV/UsernameChange/XF/Admin/Controller/User.php": "b28cfb6ebefd17a56db7abb6dcc3ef78d453c5c57cd1e2b42f237f4da3be1a24",
    "src/addons/CMTV/UsernameChange/XF/ChangeLog/User.php": "e24a2db25d182478bafbb79316038bd24025c0dc48e9b7696d98a4fa4b375683",
    "src/addons/CMTV/UsernameChange/XF/Entity/User.php": "3ab6d87ee7efdcb6947e2085d819a392f91dbae4c40456604c05d52bdf4d9820",
    "src/addons/CMTV/UsernameChange/XF/Entity/UserPrivacy.php": "6c7497cc22f0260795a6a54d94a5574b4a106f714032cabd227159c3235ae0ca",
    "src/addons/CMTV/UsernameChange/XF/Pub/Controller/Account.php": "077cf8130aa429630f50e5629c94dab45f898947b954c12f264c333bb66dbe7a",
    "src/addons/CMTV/UsernameChange/XF/Pub/Controller/Member.php": "0d2feaae81881429afff4a4a31989de5238eea0fe77b24884a9b15e9fe9496f2",
    "src/addons/CMTV/UsernameChange/_data/admin_navigation.xml": "064ec797484ac00d5ee37367b50b06846d11f480d00550997712707f8fdac8c0",
    "src/addons/CMTV/UsernameChange/_data/admin_permission.xml": "ec6fb97cebf0bceb24f1ed1d5778c1db54eeb7535fbb3e31d824840e7aa9ff87",
    "src/addons/CMTV/UsernameChange/_data/advertising_positions.xml": "d2f7cbe844bb1df3cf878d22ff6306249245c8ff6b0b87b9b729744bec538261",
    "src/addons/CMTV/UsernameChange/_data/api_scopes.xml": "6793eaf758f140e8137187ba20e65f4faccf53410433ae3ad7a8b3b38cb6b3b7",
    "src/addons/CMTV/UsernameChange/_data/bb_codes.xml": "faa4ddd5f4a365e5ac39aebdcbe2d25aedf74e7eb9ea4a812766e2fd5e13bdb1",
    "src/addons/CMTV/UsernameChange/_data/bb_code_media_sites.xml": "29762987990187b33e43cfb68c08dc917b2d3f0176613d78f8e6c453f82da3f3",
    "src/addons/CMTV/UsernameChange/_data/class_extensions.xml": "792cf55632d32c7ce335f65730e97435b6009f76e5e4c74cee74cc4c84c2946e",
    "src/addons/CMTV/UsernameChange/_data/code_events.xml": "8370dec3df47f91df4cf79da253446ad11b29f4ea568fe76c774e97a0379f0eb",
    "src/addons/CMTV/UsernameChange/_data/code_event_listeners.xml": "7dfeca87cb3d6161b419ed3951367363fee065bc6f9ebee5df73d1e522ca212a",
    "src/addons/CMTV/UsernameChange/_data/content_type_fields.xml": "765e13478c700a91b7c12ec40d8ac4db43387c8787ea5d210f2b423c5e2fec22",
    "src/addons/CMTV/UsernameChange/_data/cron.xml": "323c4284742ef24329cd6db6f288eb9736d2353f36852e1db12591e1583aea26",
    "src/addons/CMTV/UsernameChange/_data/help_pages.xml": "a8a0c0b06cdc550438bc8a8d385af3e1e5ab3459877dfb934c1c31be59c89163",
    "src/addons/CMTV/UsernameChange/_data/member_stats.xml": "89fb2b93ff1eca7a1f6f752248edf6090dfd24037db1446fd18ff7143f08124d",
    "src/addons/CMTV/UsernameChange/_data/navigation.xml": "f75e1c03a45a360bbdfcd0567121665082315068475d5b0feb8b1acbb1688651",
    "src/addons/CMTV/UsernameChange/_data/options.xml": "e6427d76adcc5bd8fef5b8ba1e1ea4f8f2922fcbb12403da85a2432a639b31ce",
    "src/addons/CMTV/UsernameChange/_data/option_groups.xml": "154d7a89664b243d0bd8227c22e241f934bf7e196c83230ee23d3c0c4fba1333",
    "src/addons/CMTV/UsernameChange/_data/permissions.xml": "089c9e8a0f2e76d91cf75f074b72e342610b4b4ef465ade3bde1caa4a5e3ce80",
    "src/addons/CMTV/UsernameChange/_data/permission_interface_groups.xml": "b4ce8ae574e1ed5e664aeaeb3a41d0353e929dc03d4e2809cd5d3ec09e22e54a",
    "src/addons/CMTV/UsernameChange/_data/phrases.xml": "7c05ae7d0f724e938d58f3d1fd9fdd46da6f2538dda942f0e48946a23974efa8",
    "src/addons/CMTV/UsernameChange/_data/routes.xml": "550fa64f9feedf137dd877b38c2684f94474619d2d83890dbb717a91b50da8f5",
    "src/addons/CMTV/UsernameChange/_data/style_properties.xml": "8b8690a8512f01f219dd2da76e3d0c5f62afc1f317b87794a7331c859c36a7a8",
    "src/addons/CMTV/UsernameChange/_data/style_property_groups.xml": "68e1879cb3846c42d978487aa8d5145ff3335fc39e58016878824d5cf3fd684c",
    "src/addons/CMTV/UsernameChange/_data/templates.xml": "be3e210aed3b4b791760c9ad6ec4e3976a475af54db038824f3dd48bf10cef4a",
    "src/addons/CMTV/UsernameChange/_data/template_modifications.xml": "a0c0828f42a9cd820d776ee7259b788f9f3de8481118434b75af803beec7a9fd",
    "src/addons/CMTV/UsernameChange/_data/widget_definitions.xml": "ede284fd05fd02b5faac6e7ae46057118538d27e6675da15a1a6be12de1657e6",
    "src/addons/CMTV/UsernameChange/_data/widget_positions.xml": "a29cee66134f6bc5d75ed9df1eef21096c24401915c5b5c774389c3d7bb2d5b3"
}